{
        "firstname":"Test First Name 1",
        "lastname":"Test Last Name 1",
        "address1":"Test Address 1",
        "address2":"Test Secondary 1",
        "city":"Test City 1",
        "state":"CA",
        "zipcode":"ZIPC",
        "country":"us",
        "bday":"1987-08-31",
        "age":"34",
        "website":"https://testwebsite.com",
        "phone":"07867676754",
        "note":"This is a test note 1",
        "firstname2":"Test First Name 2",
        "lastname2":"Test Last Name 2",
        "address12":"Test Address 2",
        "address22":"Test Secondary 2",
        "city2":"Test City 2",
        "state2":"CA",
        "zipcode2":"ZIPC",
        "country2":"us",
        "bday2":"1987-09-29",
        "age2":"34",
        "website2":"https://testwebsite.com",
        "phone2":"07867676000",
        "note2":"This is a test note 2"
}